title,price_gbp,rating,availability,source
A Light in the Attic,51.77,3,In stock,books.toscrape.com
Tipping the Velvet,53.74,1,In stock,books.toscrape.com
Soumission,50.1,1,In stock,books.toscrape.com
Sharp Objects,47.82,4,In stock,books.toscrape.com
Sapiens: A Brief History of Humankind,54.23,5,In stock,books.toscrape.com
The Requiem Red,22.65,1,In stock,books.toscrape.com
The Dirty Little Secrets of Getting Your Dream Job,33.34,4,In stock,books.toscrape.com
"The Coming Woman: A Novel Based on the Life of the Infamous Feminist, Victoria Woodhull",17.93,3,In stock,books.toscrape.com
The Boys in the Boat: Nine Americans and Their Epic Quest for Gold at the 1936 Berlin Olympics,22.6,4,In stock,books.toscrape.com
The Black Maria,52.15,1,In stock,books.toscrape.com
"Starving Hearts (Triangular Trade Trilogy, #1)",13.99,2,In stock,books.toscrape.com
Shakespeare's Sonnets,20.66,4,In stock,books.toscrape.com
Set Me Free,17.46,5,In stock,books.toscrape.com
Scott Pilgrim's Precious Little Life (Scott Pilgrim #1),52.29,5,In stock,books.toscrape.com
Rip it Up and Start Again,35.02,5,In stock,books.toscrape.com
"Our Band Could Be Your Life: Scenes from the American Indie Underground, 1981-1991",57.25,3,In stock,books.toscrape.com
Olio,23.88,1,In stock,books.toscrape.com
Mesaerion: The Best Science Fiction Stories 1800-1849,37.59,1,In stock,books.toscrape.com
Libertarianism for Beginners,51.33,2,In stock,books.toscrape.com
It's Only the Himalayas,45.17,2,In stock,books.toscrape.com
In Her Wake,12.84,1,In stock,books.toscrape.com
How Music Works,37.32,2,In stock,books.toscrape.com
"Foolproof Preserving: A Guide to Small Batch Jams, Jellies, Pickles, Condiments, and More: A Foolproof Guide to Making Small Batch Jams, Jellies, Pickles, Condiments, and More",30.52,3,In stock,books.toscrape.com
Chase Me (Paris Nights #2),25.27,5,In stock,books.toscrape.com
Black Dust,34.53,5,In stock,books.toscrape.com
Birdsong: A Story in Pictures,54.64,3,In stock,books.toscrape.com
America's Cradle of Quarterbacks: Western Pennsylvania's Football Factory from Johnny Unitas to Joe Montana,22.5,3,In stock,books.toscrape.com
Aladdin and His Wonderful Lamp,53.13,3,In stock,books.toscrape.com
Worlds Elsewhere: Journeys Around Shakespeareâs Globe,40.3,5,In stock,books.toscrape.com
Wall and Piece,44.18,4,In stock,books.toscrape.com
The Four Agreements: A Practical Guide to Personal Freedom,17.66,5,In stock,books.toscrape.com
The Five Love Languages: How to Express Heartfelt Commitment to Your Mate,31.05,3,In stock,books.toscrape.com
The Elephant Tree,23.82,5,In stock,books.toscrape.com
The Bear and the Piano,36.89,1,In stock,books.toscrape.com
Sophie's World,15.94,5,In stock,books.toscrape.com
Penny Maybe,33.29,3,In stock,books.toscrape.com
Maude (1883-1993):She Grew Up with the country,18.02,2,In stock,books.toscrape.com
"In a Dark, Dark Wood",19.63,1,In stock,books.toscrape.com
Behind Closed Doors,52.22,4,In stock,books.toscrape.com
You can't bury them all: Poems,33.63,2,In stock,books.toscrape.com
Slow States of Collapse: Poems,57.31,3,In stock,books.toscrape.com
Reasons to Stay Alive,26.41,2,In stock,books.toscrape.com
Private Paris (Private #10),47.61,5,In stock,books.toscrape.com
#HigherSelfie: Wake Up Your Life. Free Your Soul. Find Your Tribe.,23.11,5,In stock,books.toscrape.com
Without Borders (Wanderlove #1),45.07,2,In stock,books.toscrape.com
When We Collided,31.77,1,In stock,books.toscrape.com
"We Love You, Charlie Freeman",50.27,5,In stock,books.toscrape.com
Untitled Collection: Sabbath Poems 2014,14.27,4,In stock,books.toscrape.com
"Unseen City: The Majesty of Pigeons, the Discreet Charm of Snails & Other Wonders of the Urban Wilderness",44.18,4,In stock,books.toscrape.com
Unicorn Tracks,18.78,3,In stock,books.toscrape.com
"Unbound: How Eight Technologies Made Us Human, Transformed Society, and Brought Our World to the Brink",25.52,1,In stock,books.toscrape.com
Tsubasa: WoRLD CHRoNiCLE 2 (Tsubasa WoRLD CHRoNiCLE #2),16.28,1,In stock,books.toscrape.com
Throwing Rocks at the Google Bus: How Growth Became the Enemy of Prosperity,31.12,3,In stock,books.toscrape.com
This One Summer,19.49,4,In stock,books.toscrape.com
Thirst,17.27,5,In stock,books.toscrape.com
The Torch Is Passed: A Harding Family Story,19.09,1,In stock,books.toscrape.com
The Secret of Dreadwillow Carse,56.13,1,In stock,books.toscrape.com
"The Pioneer Woman Cooks: Dinnertime: Comfort Classics, Freezer Food, 16-Minute Meals, and Other Delicious Ways to Solve Supper!",56.41,1,In stock,books.toscrape.com
The Past Never Ends,56.5,4,In stock,books.toscrape.com
The Natural History of Us (The Fine Art of Pretending #2),45.22,3,In stock,books.toscrape.com
The Nameless City (The Nameless City #1),38.16,4,In stock,books.toscrape.com
The Murder That Never Was (Forensic Instincts #5),54.11,3,In stock,books.toscrape.com
The Most Perfect Thing: Inside (and Outside) a Bird's Egg,42.96,4,In stock,books.toscrape.com
"The Mindfulness and Acceptance Workbook for Anxiety: A Guide to Breaking Free from Anxiety, Phobias, and Worry Using Acceptance and Commitment Therapy",23.89,4,In stock,books.toscrape.com
The Life-Changing Magic of Tidying Up: The Japanese Art of Decluttering and Organizing,16.77,3,In stock,books.toscrape.com
"The Inefficiency Assassin: Time Management Tactics for Working Smarter, Not Longer",20.59,5,In stock,books.toscrape.com
The Gutsy Girl: Escapades for Your Life of Epic Adventure,37.13,1,In stock,books.toscrape.com
The Electric Pencil: Drawings from Inside State Hospital No. 3,56.06,1,In stock,books.toscrape.com
The Death of Humanity: and the Case for Life,58.11,4,In stock,books.toscrape.com
"The Bulletproof Diet: Lose up to a Pound a Day, Reclaim Energy and Focus, Upgrade Your Life",49.05,3,In stock,books.toscrape.com
The Art Forger,40.76,3,In stock,books.toscrape.com
The Age of Genius: The Seventeenth Century and the Birth of the Modern Mind,19.73,1,In stock,books.toscrape.com
The Activist's Tao Te Ching: Ancient Advice for a Modern Revolution,32.24,5,In stock,books.toscrape.com
Spark Joy: An Illustrated Master Class on the Art of Organizing and Tidying Up,41.83,4,In stock,books.toscrape.com
Soul Reader,39.58,2,In stock,books.toscrape.com
Security,39.25,2,In stock,books.toscrape.com
"Saga, Volume 6 (Saga (Collected Editions) #6)",25.02,3,In stock,books.toscrape.com
"Saga, Volume 5 (Saga (Collected Editions) #5)",51.04,2,In stock,books.toscrape.com
Reskilling America: Learning to Labor in the Twenty-First Century,19.83,2,In stock,books.toscrape.com
"Rat Queens, Vol. 3: Demons (Rat Queens (Collected Editions) #11-15)",50.4,3,In stock,books.toscrape.com
"Princess Jellyfish 2-in-1 Omnibus, Vol. 01 (Princess Jellyfish 2-in-1 Omnibus #1)",13.61,5,In stock,books.toscrape.com
Princess Between Worlds (Wide-Awake Princess #5),13.34,5,In stock,books.toscrape.com
"Pop Gun War, Volume 1: Gift",18.97,1,In stock,books.toscrape.com
"Political Suicide: Missteps, Peccadilloes, Bad Calls, Backroom Hijinx, Sordid Pasts, Rotten Breaks, and Just Plain Dumb Mistakes in the Annals of American Politics",36.28,2,In stock,books.toscrape.com
Patience,10.16,3,In stock,books.toscrape.com
"Outcast, Vol. 1: A Darkness Surrounds Him (Outcast #1)",15.44,4,In stock,books.toscrape.com
orange: The Complete Collection 1 (orange: The Complete Collection #1),48.41,1,In stock,books.toscrape.com
Online Marketing for Busy Authors: A Step-By-Step Guide,46.35,1,In stock,books.toscrape.com
On a Midnight Clear,14.07,3,In stock,books.toscrape.com
Obsidian (Lux #1),14.86,2,In stock,books.toscrape.com
My Paris Kitchen: Recipes and Stories,33.37,2,In stock,books.toscrape.com
Masks and Shadows,56.4,2,In stock,books.toscrape.com
"Mama Tried: Traditional Italian Cooking for the Screwed, Crude, Vegan, and Tattooed",14.02,4,In stock,books.toscrape.com
"Lumberjanes, Vol. 2: Friendship to the Max (Lumberjanes #5-8)",46.91,2,In stock,books.toscrape.com
"Lumberjanes, Vol. 1: Beware the Kitten Holy (Lumberjanes #1-4)",45.61,3,In stock,books.toscrape.com
Lumberjanes Vol. 3: A Terrible Plan (Lumberjanes #9-12),19.92,2,In stock,books.toscrape.com
"Layered: Baking, Building, and Styling Spectacular Cakes",40.11,1,In stock,books.toscrape.com
Judo: Seven Steps to Black Belt (an Introductory Guide for Beginners),53.9,2,In stock,books.toscrape.com
Join,35.67,5,In stock,books.toscrape.com
In the Country We Love: My Family Divided,22.0,4,In stock,books.toscrape.com
Immunity: How Elie Metchnikoff Changed the Course of Modern Medicine,57.36,5,In stock,books.toscrape.com
"I Hate Fairyland, Vol. 1: Madly Ever After (I Hate Fairyland (Compilations) #1-5)",29.17,2,In stock,books.toscrape.com
I am a Hero Omnibus Volume 1,54.63,3,In stock,books.toscrape.com
How to Be Miserable: 40 Strategies You Already Use,46.03,1,In stock,books.toscrape.com
Her Backup Boyfriend (The Sorensen Family #1),33.97,1,In stock,books.toscrape.com
"Giant Days, Vol. 2 (Giant Days #5-8)",22.11,2,In stock,books.toscrape.com
Forever and Forever: The Courtship of Henry Longfellow and Fanny Appleton,29.69,3,In stock,books.toscrape.com
First and First (Five Boroughs #3),15.97,4,In stock,books.toscrape.com
Fifty Shades Darker (Fifty Shades #2),21.96,1,In stock,books.toscrape.com
Everydata: The Misinformation Hidden in the Little Data You Consume Every Day,54.35,2,In stock,books.toscrape.com
"Don't Be a Jerk: And Other Practical Advice from Dogen, Japan's Greatest Zen Master",37.97,2,In stock,books.toscrape.com
Danganronpa Volume 1,51.99,4,In stock,books.toscrape.com
Crown of Midnight (Throne of Glass #2),43.29,3,In stock,books.toscrape.com
"Codename Baboushka, Volume 1: The Conclave of Death",36.72,4,In stock,books.toscrape.com
Camp Midnight,17.08,4,In stock,books.toscrape.com
Call the Nurse: True Stories of a Country Nurse on a Scottish Isle,29.14,5,In stock,books.toscrape.com
Burning,28.81,3,In stock,books.toscrape.com
Bossypants,49.46,2,In stock,books.toscrape.com
"Bitch Planet, Vol. 1: Extraordinary Machine (Bitch Planet (Collected Editions))",37.92,2,In stock,books.toscrape.com
"Avatar: The Last Airbender: Smoke and Shadow, Part 3 (Smoke and Shadow #3)",28.09,2,In stock,books.toscrape.com
Algorithms to Live By: The Computer Science of Human Decisions,30.81,1,In stock,books.toscrape.com
A World of Flavor: Your Gluten Free Passport,42.95,1,In stock,books.toscrape.com
"A Piece of Sky, a Grain of Rice: A Memoir in Four Meditations",56.76,5,In stock,books.toscrape.com
A Murder in Time,16.64,1,In stock,books.toscrape.com
A Flight of Arrows (The Pathfinders #2),55.53,5,In stock,books.toscrape.com
A Fierce and Subtle Poison,28.13,4,In stock,books.toscrape.com
A Court of Thorns and Roses (A Court of Thorns and Roses #1),52.37,1,In stock,books.toscrape.com
(Un)Qualified: How God Uses Broken People to Do Big Things,54.0,5,In stock,books.toscrape.com
You Are What You Love: The Spiritual Power of Habit,21.87,4,In stock,books.toscrape.com
"William Shakespeare's Star Wars: Verily, A New Hope (William Shakespeare's Star Wars #4)",43.3,4,In stock,books.toscrape.com
Tuesday Nights in 1980,21.04,2,In stock,books.toscrape.com
Tracing Numbers on a Train,41.6,3,In stock,books.toscrape.com
Throne of Glass (Throne of Glass #1),35.07,3,In stock,books.toscrape.com
Thomas Jefferson and the Tripoli Pirates: The Forgotten War That Changed American History,59.64,1,In stock,books.toscrape.com
Thirteen Reasons Why,52.72,1,In stock,books.toscrape.com
The White Cat and the Monk: A Retelling of the Poem âPangur BÃ¡nâ,58.08,4,In stock,books.toscrape.com
The Wedding Dress,24.12,1,In stock,books.toscrape.com
The Vacationers,42.15,4,In stock,books.toscrape.com
The Third Wave: An Entrepreneurâs Vision of the Future,12.61,5,In stock,books.toscrape.com
The Stranger,17.44,4,In stock,books.toscrape.com
The Shadow Hero (The Shadow Hero),33.14,1,In stock,books.toscrape.com
The Secret (The Secret #1),27.37,4,In stock,books.toscrape.com
The Regional Office Is Under Attack!,51.36,5,In stock,books.toscrape.com
The Psychopath Test: A Journey Through the Madness Industry,36.0,2,In stock,books.toscrape.com
The Project,10.65,1,In stock,books.toscrape.com
The Power of Now: A Guide to Spiritual Enlightenment,43.54,2,In stock,books.toscrape.com
The Omnivore's Dilemma: A Natural History of Four Meals,38.21,2,In stock,books.toscrape.com
The Nerdy Nummies Cookbook: Sweet Treats for the Geek in All of Us,37.34,5,In stock,books.toscrape.com
The Murder of Roger Ackroyd (Hercule Poirot #4),44.1,4,In stock,books.toscrape.com
The Mistake (Off-Campus #2),43.29,3,In stock,books.toscrape.com
The Matchmaker's Playbook (Wingmen Inc. #1),55.85,1,In stock,books.toscrape.com
The Love and Lemons Cookbook: An Apple-to-Zucchini Celebration of Impromptu Cooking,37.6,2,In stock,books.toscrape.com
The Long Shadow of Small Ghosts: Murder and Memory in an American City,10.97,1,In stock,books.toscrape.com
The Kite Runner,41.82,4,In stock,books.toscrape.com
The House by the Lake,36.95,1,In stock,books.toscrape.com
The Glittering Court (The Glittering Court #1),44.28,1,In stock,books.toscrape.com
The Girl on the Train,55.02,2,In stock,books.toscrape.com
The Genius of Birds,17.24,1,In stock,books.toscrape.com
The Emerald Mystery,23.15,2,In stock,books.toscrape.com
The Cookies & Cups Cookbook: 125+ sweet & savory recipes reminding you to Always Eat Dessert First,41.25,1,In stock,books.toscrape.com
The Bridge to Consciousness: I'm Writing the Bridge Between Science and Our Old and New Beliefs.,32.0,3,In stock,books.toscrape.com
The Artist's Way: A Spiritual Path to Higher Creativity,38.49,5,In stock,books.toscrape.com
The Art of War,33.34,5,In stock,books.toscrape.com
The Argonauts,10.93,2,In stock,books.toscrape.com
The 10% Entrepreneur: Live Your Startup Dream Without Quitting Your Day Job,27.55,3,In stock,books.toscrape.com
Suddenly in Love (Lake Haven #1),55.99,2,In stock,books.toscrape.com
Something More Than This,16.24,4,In stock,books.toscrape.com
Soft Apocalypse,26.12,2,In stock,books.toscrape.com
So You've Been Publicly Shamed,12.23,2,In stock,books.toscrape.com
Shoe Dog: A Memoir by the Creator of NIKE,23.99,2,In stock,books.toscrape.com
"Shobu Samurai, Project Aryoku (#3)",29.06,3,In stock,books.toscrape.com
Secrets and Lace (Fatal Hearts #1),20.27,1,In stock,books.toscrape.com
Scarlett Epstein Hates It Here,43.55,5,In stock,books.toscrape.com
Romero and Juliet: A Tragic Tale of Love and Zombies,36.94,1,In stock,books.toscrape.com
Redeeming Love,20.47,5,In stock,books.toscrape.com
Poses for Artists Volume 1 - Dynamic and Sitting Poses: An Essential Reference for Figure Drawing and the Human Form,41.06,1,In stock,books.toscrape.com
Poems That Make Grown Women Cry,14.19,4,In stock,books.toscrape.com
"Nightingale, Sing",38.28,1,In stock,books.toscrape.com
Night Sky with Exit Wounds,41.05,1,In stock,books.toscrape.com
Mrs. Houdini,30.25,5,In stock,books.toscrape.com
Modern Romance,28.26,5,In stock,books.toscrape.com
Miss Peregrineâs Home for Peculiar Children (Miss Peregrineâs Peculiar Children #1),10.76,1,In stock,books.toscrape.com
Louisa: The Extraordinary Life of Mrs. Adams,16.85,2,In stock,books.toscrape.com
Little Red,13.47,3,In stock,books.toscrape.com
Library of Souls (Miss Peregrineâs Peculiar Children #3),48.56,5,In stock,books.toscrape.com
Large Print Heart of the Pride,19.15,2,In stock,books.toscrape.com
I Had a Nice Time And Other Lies...: How to find love & sh*t like that,57.36,4,In stock,books.toscrape.com
Hollow City (Miss Peregrineâs Peculiar Children #2),42.98,1,In stock,books.toscrape.com
Grumbles,22.16,2,In stock,books.toscrape.com
Full Moon over Noahâs Ark: An Odyssey to Mount Ararat and Beyond,49.43,4,In stock,books.toscrape.com
Frostbite (Vampire Academy #2),29.99,5,In stock,books.toscrape.com
Follow You Home,21.36,1,In stock,books.toscrape.com
First Steps for New Christians (Print Edition),29.0,1,In stock,books.toscrape.com
Finders Keepers (Bill Hodges Trilogy #2),53.53,5,In stock,books.toscrape.com
"Fables, Vol. 1: Legends in Exile (Fables #1)",41.62,4,In stock,books.toscrape.com
Eureka Trivia 6.0,54.59,4,In stock,books.toscrape.com
Drive: The Surprising Truth About What Motivates Us,34.95,4,In stock,books.toscrape.com
Done Rubbed Out (Reightman & Bailey #1),37.72,5,In stock,books.toscrape.com
Doing It Over (Most Likely To #1),35.61,3,In stock,books.toscrape.com
"Deliciously Ella Every Day: Quick and Easy Recipes for Gluten-Free Snacks, Packed Lunches, and Simple Meals",42.16,3,In stock,books.toscrape.com
Dark Notes,19.19,5,In stock,books.toscrape.com
"Daring Greatly: How the Courage to Be Vulnerable Transforms the Way We Live, Love, Parent, and Lead",19.43,3,In stock,books.toscrape.com
Close to You,49.46,4,In stock,books.toscrape.com
Chasing Heaven: What Dying Taught Me About Living,37.8,2,In stock,books.toscrape.com
Big Magic: Creative Living Beyond Fear,30.8,3,In stock,books.toscrape.com
Becoming Wise: An Inquiry into the Mystery and Art of Living,27.43,2,In stock,books.toscrape.com
Beauty Restored (Riley Family Legacy Novellas #3),11.11,2,In stock,books.toscrape.com
Batman: The Long Halloween (Batman),36.5,2,In stock,books.toscrape.com
Batman: The Dark Knight Returns (Batman),15.38,5,In stock,books.toscrape.com
Ayumi's Violin,15.48,2,In stock,books.toscrape.com
Anonymous,46.82,4,In stock,books.toscrape.com
Amy Meets the Saints and Sages,18.46,3,In stock,books.toscrape.com
Amid the Chaos,36.58,1,In stock,books.toscrape.com
Amatus,50.54,5,In stock,books.toscrape.com
Agnostic: A Spirited Manifesto,12.51,5,In stock,books.toscrape.com
Zealot: The Life and Times of Jesus of Nazareth,24.7,3,In stock,books.toscrape.com
You (You #1),43.61,5,In stock,books.toscrape.com
"Wonder Woman: Earth One, Volume One (Wonder Woman: Earth One #1)",37.34,4,In stock,books.toscrape.com
Wild Swans,14.36,2,In stock,books.toscrape.com
Why the Right Went Wrong: Conservatism--From Goldwater to the Tea Party and Beyond,52.65,4,In stock,books.toscrape.com
Whole Lotta Creativity Going On: 60 Fun and Unusual Exercises to Awaken and Strengthen Your Creativity,38.2,4,In stock,books.toscrape.com
What's It Like in Space?: Stories from Astronauts Who've Been There,19.6,2,In stock,books.toscrape.com
"We Are Robin, Vol. 1: The Vigilante Business (We Are Robin #1)",53.9,1,In stock,books.toscrape.com
Walt Disney's Alice in Wonderland,12.96,5,In stock,books.toscrape.com
V for Vendetta (V for Vendetta Complete),37.1,4,In stock,books.toscrape.com
Until Friday Night (The Field Party #1),46.31,2,In stock,books.toscrape.com
"Unbroken: A World War II Story of Survival, Resilience, and Redemption",45.95,2,In stock,books.toscrape.com
Twenty Yawns,22.08,2,In stock,books.toscrape.com
Through the Woods,25.38,2,In stock,books.toscrape.com
This Is Where It Ends,27.12,2,In stock,books.toscrape.com
The Year of Magical Thinking,43.04,2,In stock,books.toscrape.com
The Wright Brothers,56.8,4,In stock,books.toscrape.com
The White Queen (The Cousins' War #1),25.91,5,In stock,books.toscrape.com
The Wedding Pact (The O'Malleys #2),32.61,3,In stock,books.toscrape.com
The Time Keeper,27.88,5,In stock,books.toscrape.com
The Testament of Mary,52.67,4,In stock,books.toscrape.com
The Star-Touched Queen,46.02,5,In stock,books.toscrape.com
The Songs of the Gods,44.48,5,In stock,books.toscrape.com
The Song of Achilles,37.4,5,In stock,books.toscrape.com
The Rosie Project (Don Tillman #1),54.04,1,In stock,books.toscrape.com
The Power of Habit: Why We Do What We Do in Life and Business,16.88,3,In stock,books.toscrape.com
The Marriage of Opposites,28.08,4,In stock,books.toscrape.com
The Lucifer Effect: Understanding How Good People Turn Evil,10.4,1,In stock,books.toscrape.com
The Long Haul (Diary of a Wimpy Kid #9),44.07,1,In stock,books.toscrape.com
The Loney,23.4,1,In stock,books.toscrape.com
The Literature Book (Big Ideas Simply Explained),17.43,3,In stock,books.toscrape.com
The Last Mile (Amos Decker #2),54.21,2,In stock,books.toscrape.com
The Immortal Life of Henrietta Lacks,40.67,2,In stock,books.toscrape.com
The Hidden Oracle (The Trials of Apollo #1),52.26,2,In stock,books.toscrape.com
The Help Yourself Cookbook for Kids: 60 Easy Plant-Based Recipes Kids Can Make to Stay Healthy and Save the Earth,28.77,3,In stock,books.toscrape.com
The Guilty (Will Robie #4),13.82,2,In stock,books.toscrape.com
The First Hostage (J.B. Collins #2),25.85,3,In stock,books.toscrape.com
The Dovekeepers,48.78,1,In stock,books.toscrape.com
The Darkest Lie,35.35,5,In stock,books.toscrape.com
The Bane Chronicles (The Bane Chronicles #1-11),44.73,4,In stock,books.toscrape.com
The Bad-Ass Librarians of Timbuktu: And Their Race to Save the Worldâs Most Precious Manuscripts,15.77,1,In stock,books.toscrape.com
The 14th Colony (Cotton Malone #11),39.24,1,In stock,books.toscrape.com
That Darkness (Gardiner and Renner #1),13.92,1,In stock,books.toscrape.com
Tastes Like Fear (DI Marnie Rome #3),10.69,1,In stock,books.toscrape.com
Take Me with You,45.21,3,In stock,books.toscrape.com
Swell: A Year of Waves,45.58,1,In stock,books.toscrape.com
Superman Vol. 1: Before Truth (Superman by Gene Luen Yang #1),11.89,5,In stock,books.toscrape.com
Still Life with Bread Crumbs,26.41,3,In stock,books.toscrape.com
Steve Jobs,39.5,5,In stock,books.toscrape.com
Sorting the Beef from the Bull: The Science of Food Fraud Forensics,44.74,4,In stock,books.toscrape.com
Someone Like You (The Harrisons #2),52.79,5,In stock,books.toscrape.com
"So Cute It Hurts!!, Vol. 6 (So Cute It Hurts!! #6)",35.43,4,In stock,books.toscrape.com
Shtum,55.84,4,In stock,books.toscrape.com
See America: A Celebration of Our National Parks & Treasured Sites,48.87,3,In stock,books.toscrape.com
salt.,46.78,4,In stock,books.toscrape.com
Robin War,47.82,3,In stock,books.toscrape.com
"Red Hood/Arsenal, Vol. 1: Open for Business (Red Hood/Arsenal #1)",25.48,2,In stock,books.toscrape.com
Rain Fish,23.57,3,In stock,books.toscrape.com
"Quarter Life Poetry: Poems for the Young, Broke and Hangry",50.89,5,In stock,books.toscrape.com
Pet Sematary,10.56,3,In stock,books.toscrape.com
"Overload: How to Unplug, Unwind, and Unleash Yourself from the Pressure of Stress",52.15,3,In stock,books.toscrape.com
Once Was a Time,18.28,2,In stock,books.toscrape.com
Old School (Diary of a Wimpy Kid #10),11.83,5,In stock,books.toscrape.com
No Dream Is Too High: Life Lessons From a Man Who Walked on the Moon,21.95,2,In stock,books.toscrape.com
"Naruto (3-in-1 Edition), Vol. 14: Includes Vols. 40, 41 & 42 (Naruto: Omnibus #14)",38.39,2,In stock,books.toscrape.com
My Name Is Lucy Barton,41.56,1,In stock,books.toscrape.com
My Mrs. Brown,24.48,3,In stock,books.toscrape.com
My Kind of Crazy,40.36,1,In stock,books.toscrape.com
Mr. Mercedes (Bill Hodges Trilogy #1),28.9,1,In stock,books.toscrape.com
More Than Music (Chasing the Dream #1),37.61,2,In stock,books.toscrape.com
Made to Stick: Why Some Ideas Survive and Others Die,38.85,5,In stock,books.toscrape.com
Luis Paints the World,53.95,3,In stock,books.toscrape.com
Luckiest Girl Alive,49.83,3,In stock,books.toscrape.com
Lowriders to the Center of the Earth (Lowriders in Space #2),51.51,2,In stock,books.toscrape.com
Love Is a Mix Tape (Music #1),18.03,1,In stock,books.toscrape.com
Looking for Lovely: Collecting the Moments that Matter,29.14,5,In stock,books.toscrape.com
"Living Leadership by Insight: A Good Leader Achieves, a Great Leader Builds Monuments",46.91,4,In stock,books.toscrape.com
Let It Out: A Journey Through Journaling,26.79,5,In stock,books.toscrape.com
Lady Midnight (The Dark Artifices #1),16.28,5,In stock,books.toscrape.com
"It's All Easy: Healthy, Delicious Weeknight Meals in under 30 Minutes",19.55,1,In stock,books.toscrape.com
Island of Dragons (Unwanteds #7),29.65,1,In stock,books.toscrape.com
I Know What I'm Doing -- and Other Lies I Tell Myself: Dispatches from a Life Under Construction,25.98,4,In stock,books.toscrape.com
I Am Pilgrim (Pilgrim #1),10.6,4,In stock,books.toscrape.com
"Hyperbole and a Half: Unfortunate Situations, Flawed Coping Mechanisms, Mayhem, and Other Things That Happened",14.75,5,In stock,books.toscrape.com
"Hush, Hush (Hush, Hush #1)",47.02,3,In stock,books.toscrape.com
Hold Your Breath (Search and Rescue #1),28.82,1,In stock,books.toscrape.com
Hamilton: The Revolution,58.79,3,In stock,books.toscrape.com
Greek Mythic History,10.23,5,In stock,books.toscrape.com
God: The Most Unpleasant Character in All Fiction,30.03,5,In stock,books.toscrape.com
Glory over Everything: Beyond The Kitchen House,45.84,3,In stock,books.toscrape.com
Feathers: Displays of Brilliant Plumage,49.05,3,In stock,books.toscrape.com
"Far & Away: Places on the Brink of Change: Seven Continents, Twenty-Five Years",15.06,4,In stock,books.toscrape.com
Every Last Word,46.47,3,In stock,books.toscrape.com
Eligible (The Austen Project #4),27.09,3,In stock,books.toscrape.com
El Deafo,57.62,5,In stock,books.toscrape.com
Eight Hundred Grapes,14.39,4,In stock,books.toscrape.com
"Eaternity: More than 150 Deliciously Easy Vegan Recipes for a Long, Healthy, Satisfied, Joyful Life",51.75,5,In stock,books.toscrape.com
"Eat Fat, Get Thin",54.07,2,In stock,books.toscrape.com
Don't Get Caught,55.35,1,In stock,books.toscrape.com
Doctor Sleep (The Shining #2),40.12,2,In stock,books.toscrape.com
Demigods & Magicians: Percy and Annabeth Meet the Kanes (Percy Jackson & Kane Chronicles Crossover #1-3),37.51,5,In stock,books.toscrape.com
Dear Mr. Knightley,11.21,5,In stock,books.toscrape.com
Daily Fantasy Sports,36.58,1,In stock,books.toscrape.com
Crazy Love: Overwhelmed by a Relentless God,47.72,2,In stock,books.toscrape.com
Cometh the Hour (The Clifton Chronicles #6),25.01,3,In stock,books.toscrape.com
Code Name Verity (Code Name Verity #1),22.13,4,In stock,books.toscrape.com
Clockwork Angel (The Infernal Devices #1),44.14,1,In stock,books.toscrape.com
City of Glass (The Mortal Instruments #3),56.02,4,In stock,books.toscrape.com
City of Fallen Angels (The Mortal Instruments #4),11.23,4,In stock,books.toscrape.com
City of Bones (The Mortal Instruments #1),43.28,1,In stock,books.toscrape.com
City of Ashes (The Mortal Instruments #2),47.27,1,In stock,books.toscrape.com
Cell,20.29,4,In stock,books.toscrape.com
Catching Jordan (Hundred Oaks),50.83,3,In stock,books.toscrape.com
"Carry On, Warrior: Thoughts on Life Unarmed",31.85,3,In stock,books.toscrape.com
Carrie,46.23,2,In stock,books.toscrape.com
Buying In: The Secret Dialogue Between What We Buy and Who We Are,37.8,4,In stock,books.toscrape.com
Brain on Fire: My Month of Madness,49.32,5,In stock,books.toscrape.com
Batman: Europa,32.01,2,In stock,books.toscrape.com
Barefoot Contessa Back to Basics,28.01,1,In stock,books.toscrape.com
Barefoot Contessa at Home: Everyday Recipes You'll Make Over and Over Again,50.62,5,In stock,books.toscrape.com
Balloon Animals,17.03,3,In stock,books.toscrape.com
Art Ops Vol. 1,48.8,3,In stock,books.toscrape.com
Aristotle and Dante Discover the Secrets of the Universe (Aristotle and Dante Discover the Secrets of the Universe #1),58.14,4,In stock,books.toscrape.com
Angels Walking (Angels Walking #1),34.2,2,In stock,books.toscrape.com
Angels & Demons (Robert Langdon #1),51.48,3,In stock,books.toscrape.com
All the Light We Cannot See,29.87,5,In stock,books.toscrape.com
"Adulthood Is a Myth: A ""Sarah's Scribbles"" Collection",10.9,2,In stock,books.toscrape.com
Abstract City,56.37,5,In stock,books.toscrape.com
A Time of Torment (Charlie Parker #14),48.35,5,In stock,books.toscrape.com
A Study in Scarlet (Sherlock Holmes #1),16.73,2,In stock,books.toscrape.com
"A Series of Catastrophes and Miracles: A True Story of Love, Science, and Cancer",56.48,2,In stock,books.toscrape.com
A People's History of the United States,40.79,2,In stock,books.toscrape.com
A Man Called Ove,39.72,1,In stock,books.toscrape.com
A Distant Mirror: The Calamitous 14th Century,14.58,3,In stock,books.toscrape.com
A Brush of Wings (Angels Walking #3),55.51,1,In stock,books.toscrape.com
1491: New Revelations of the Americas Before Columbus,21.8,3,In stock,books.toscrape.com
"The Three Searches, Meaning, and the Story",13.33,3,In stock,books.toscrape.com
Searching for Meaning in Gailana,38.73,1,In stock,books.toscrape.com
Rook,37.86,4,In stock,books.toscrape.com
My Kitchen Year: 136 Recipes That Saved My Life,11.53,2,In stock,books.toscrape.com
13 Hours: The Inside Account of What Really Happened In Benghazi,27.06,1,In stock,books.toscrape.com
Will You Won't You Want Me?,13.86,3,In stock,books.toscrape.com
Tipping Point for Planet Earth: How Close Are We to the Edge?,37.55,1,In stock,books.toscrape.com
The Star-Touched Queen,32.3,5,In stock,books.toscrape.com
The Silent Sister (Riley MacPherson #1),46.29,5,In stock,books.toscrape.com
The Midnight Watch: A Novel of the Titanic and the Californian,26.2,1,In stock,books.toscrape.com
The Lonely City: Adventures in the Art of Being Alone,33.26,2,In stock,books.toscrape.com
The Gray Rhino: How to Recognize and Act on the Obvious Dangers We Ignore,59.15,4,In stock,books.toscrape.com
The Golden Condom: And Other Essays on Love Lost and Found,39.43,1,In stock,books.toscrape.com
The Epidemic (The Program 0.6),14.44,5,In stock,books.toscrape.com
The Dinner Party,56.54,2,In stock,books.toscrape.com
The Diary of a Young Girl,59.9,3,In stock,books.toscrape.com
The Children,11.88,3,In stock,books.toscrape.com
Stars Above (The Lunar Chronicles #4.5),48.05,2,In stock,books.toscrape.com
Snatched: How A Drug Queen Went Undercover for the DEA and Was Kidnapped By Colombian Guerillas,21.21,3,In stock,books.toscrape.com
Raspberry Pi Electronics Projects for the Evil Genius,49.67,4,In stock,books.toscrape.com
Quench Your Own Thirst: Business Lessons Learned Over a Beer or Two,43.14,1,In stock,books.toscrape.com
Psycho: Sanitarium (Psycho #1.5),36.97,5,In stock,books.toscrape.com
Poisonous (Max Revere Novels #3),26.8,3,In stock,books.toscrape.com
One with You (Crossfire #5),15.71,4,In stock,books.toscrape.com
No Love Allowed (Dodge Cove #1),54.65,4,In stock,books.toscrape.com
Murder at the 42nd Street Library (Raymond Ambler #1),54.36,4,In stock,books.toscrape.com
Most Wanted,35.28,3,In stock,books.toscrape.com
"Love, Lies and Spies",20.55,2,In stock,books.toscrape.com
How to Speak Golf: An Illustrated Guide to Links Lingo,58.32,5,In stock,books.toscrape.com
Hide Away (Eve Duncan #20),11.84,1,In stock,books.toscrape.com
Furiously Happy: A Funny Book About Horrible Things,41.46,4,In stock,books.toscrape.com
Everyday Italian: 125 Simple and Delicious Recipes,20.1,5,In stock,books.toscrape.com
Equal Is Unfair: America's Misguided Fight Against Income Inequality,56.86,1,In stock,books.toscrape.com
Eleanor & Park,56.51,5,In stock,books.toscrape.com
Dirty (Dive Bar #1),40.83,4,In stock,books.toscrape.com
Can You Keep a Secret? (Fear Street Relaunch #4),48.64,1,In stock,books.toscrape.com
Boar Island (Anna Pigeon #19),59.48,3,In stock,books.toscrape.com
A Paris Apartment,39.01,4,In stock,books.toscrape.com
"A la Mode: 120 Recipes in 60 Pairings: Pies, Tarts, Cakes, Crisps, and More Topped with Ice Cream, Gelato, Frozen Custard, and More",38.77,1,In stock,books.toscrape.com
Troublemaker: Surviving Hollywood and Scientology,48.39,2,In stock,books.toscrape.com
The Widow,27.26,2,In stock,books.toscrape.com
"The Sleep Revolution: Transforming Your Life, One Night at a Time",11.68,4,In stock,books.toscrape.com
The Improbability of Love,59.45,1,In stock,books.toscrape.com
The Art of Startup Fundraising,21.0,3,In stock,books.toscrape.com
Take Me Home Tonight (Rock Star Romance #3),53.98,3,In stock,books.toscrape.com
Sleeping Giants (Themis Files #1),48.74,1,In stock,books.toscrape.com
"Setting the World on Fire: The Brief, Astonishing Life of St. Catherine of Siena",21.15,2,In stock,books.toscrape.com
Playing with Fire,13.71,3,In stock,books.toscrape.com
Off the Hook (Fishing for Trouble #1),47.67,3,In stock,books.toscrape.com
Mothering Sunday,13.34,2,In stock,books.toscrape.com
"Mother, Can You Not?",16.89,5,In stock,books.toscrape.com
M Train,27.18,1,In stock,books.toscrape.com
Lilac Girls,17.28,2,In stock,books.toscrape.com
Lies and Other Acts of Love,45.14,1,In stock,books.toscrape.com
Lab Girl,40.85,1,In stock,books.toscrape.com
Keep Me Posted,20.46,4,In stock,books.toscrape.com
It Didn't Start with You: How Inherited Family Trauma Shapes Who We Are and How to End the Cycle,56.27,3,In stock,books.toscrape.com
Grey (Fifty Shades #4),48.49,4,In stock,books.toscrape.com
"Exit, Pursued by a Bear",51.34,4,In stock,books.toscrape.com
Daredevils,16.34,3,In stock,books.toscrape.com
Cravings: Recipes for What You Want to Eat,20.5,3,In stock,books.toscrape.com
Born for This: How to Find the Work You Were Meant to Do,21.59,5,In stock,books.toscrape.com
Arena,21.36,4,In stock,books.toscrape.com
Adultery,20.88,5,In stock,books.toscrape.com
A Mother's Reckoning: Living in the Aftermath of Tragedy,19.53,3,In stock,books.toscrape.com
A Gentleman's Position (Society of Gentlemen #3),14.75,5,In stock,books.toscrape.com
11/22/63,48.48,3,In stock,books.toscrape.com
"10% Happier: How I Tamed the Voice in My Head, Reduced Stress Without Losing My Edge, and Found Self-Help That Actually Works",24.57,2,In stock,books.toscrape.com
10-Day Green Smoothie Cleanse: Lose Up to 15 Pounds in 10 Days!,49.71,5,In stock,books.toscrape.com
Without Shame,48.27,5,In stock,books.toscrape.com
Watchmen,58.05,4,In stock,books.toscrape.com
Unlimited Intuition Now,58.87,4,In stock,books.toscrape.com
Underlying Notes,11.82,2,In stock,books.toscrape.com
The Shack,28.03,1,In stock,books.toscrape.com
The New Brand You: Your New Image Makes the Sale for You,44.05,5,In stock,books.toscrape.com
"The Moosewood Cookbook: Recipes from Moosewood Restaurant, Ithaca, New York",12.34,4,In stock,books.toscrape.com
The Flowers Lied,16.68,2,In stock,books.toscrape.com
"The Fabric of the Cosmos: Space, Time, and the Texture of Reality",55.91,1,In stock,books.toscrape.com
The Book of Mormon,24.57,3,In stock,books.toscrape.com
The Art and Science of Low Carbohydrate Living,52.98,5,In stock,books.toscrape.com
The Alien Club,54.4,1,In stock,books.toscrape.com
Suzie Snowflake: One beautiful flake (a self-esteem story),54.81,5,In stock,books.toscrape.com
Nap-a-Roo,25.08,1,In stock,books.toscrape.com
"NaNo What Now? Finding your editing process, revising your NaNoWriMo book and building a writing career through publishing and beyond",10.41,4,In stock,books.toscrape.com
Modern Day Fables,47.44,2,In stock,books.toscrape.com
If I Gave You God's Phone Number....: Searching for Spirituality in America,20.91,1,In stock,books.toscrape.com
"Fruits Basket, Vol. 9 (Fruits Basket #9)",33.95,4,In stock,books.toscrape.com
Dress Your Family in Corduroy and Denim,43.68,3,In stock,books.toscrape.com
Don't Forget Steven,33.23,1,In stock,books.toscrape.com
Chernobyl 01:23:40: The Incredible True Story of the World's Worst Nuclear Disaster,35.92,2,In stock,books.toscrape.com
Art and Fear: Observations on the Perils (and Rewards) of Artmaking,48.63,4,In stock,books.toscrape.com
A Shard of Ice (The Black Symphony Saga #1),56.63,3,In stock,books.toscrape.com
A Hero's Curse (The Unseen Chronicles #1),50.49,3,In stock,books.toscrape.com
23 Degrees South: A Tropical Tale of Changing Whether...,35.79,2,In stock,books.toscrape.com
"Zero to One: Notes on Startups, or How to Build the Future",34.06,3,In stock,books.toscrape.com
Why Not Me?,17.76,1,In stock,books.toscrape.com
When Breath Becomes Air,39.36,2,In stock,books.toscrape.com
Vagabonding: An Uncommon Guide to the Art of Long-Term World Travel,36.94,2,In stock,books.toscrape.com
The Unlikely Pilgrimage of Harold Fry (Harold Fry #1),43.62,5,In stock,books.toscrape.com
The New Drawing on the Right Side of the Brain,43.02,3,In stock,books.toscrape.com
"The Midnight Assassin: Panic, Scandal, and the Hunt for America's First Serial Killer",28.45,4,In stock,books.toscrape.com
The Martian (The Martian #1),41.39,2,In stock,books.toscrape.com
The High Mountains of Portugal,51.15,1,In stock,books.toscrape.com
The Grownup,35.88,1,In stock,books.toscrape.com
The E-Myth Revisited: Why Most Small Businesses Don't Work and What to Do About It,36.91,1,In stock,books.toscrape.com
South of Sunshine,28.93,1,In stock,books.toscrape.com
Smarter Faster Better: The Secrets of Being Productive in Life and Business,38.89,5,In stock,books.toscrape.com
Silence in the Dark (Logan Point #4),58.33,3,In stock,books.toscrape.com
Shadows of the Past (Logan Point #1),39.67,5,In stock,books.toscrape.com
Roller Girl,14.1,5,In stock,books.toscrape.com
Rising Strong,21.82,3,In stock,books.toscrape.com
Proofs of God: Classical Arguments from Tertullian to Barth,54.21,1,In stock,books.toscrape.com
Please Kill Me: The Uncensored Oral History of Punk,31.19,4,In stock,books.toscrape.com
Out of Print: City Lights Spotlight No. 14,53.64,5,In stock,books.toscrape.com
My Life Next Door (My Life Next Door ),36.39,5,In stock,books.toscrape.com
Miller's Valley,58.54,2,In stock,books.toscrape.com
Man's Search for Meaning,29.48,3,In stock,books.toscrape.com
"Love That Boy: What Two Presidents, Eight Road Trips, and My Son Taught Me About a Parent's Expectations",25.06,2,In stock,books.toscrape.com
Living Forward: A Proven Plan to Stop Drifting and Get the Life You Want,12.55,3,In stock,books.toscrape.com
Les Fleurs du Mal,29.04,5,In stock,books.toscrape.com
Left Behind (Left Behind #1),40.72,2,In stock,books.toscrape.com
Kill 'Em and Leave: Searching for James Brown and the American Soul,45.05,5,In stock,books.toscrape.com
Kierkegaard: A Christian Missionary to Christians,47.13,1,In stock,books.toscrape.com
John Vassos: Industrial Design for Modern Life,20.22,4,In stock,books.toscrape.com
I'll Give You the Sun,56.48,1,In stock,books.toscrape.com
I Will Find You,44.21,1,In stock,books.toscrape.com
Hystopia: A Novel,21.96,4,In stock,books.toscrape.com
Howl and Other Poems,40.45,2,In stock,books.toscrape.com
History of Beauty,10.29,4,In stock,books.toscrape.com
Heaven is for Real: A Little Boy's Astounding Story of His Trip to Heaven and Back,52.86,2,In stock,books.toscrape.com
Future Shock (Future Shock #1),55.65,5,In stock,books.toscrape.com
Ender's Game (The Ender Quintet #1),43.64,1,In stock,books.toscrape.com
Diary of a Citizen Scientist: Chasing Tiger Beetles and Other New Ways of Engaging the World,28.41,1,In stock,books.toscrape.com
Death by Leisure: A Cautionary Tale,37.51,4,In stock,books.toscrape.com
Brilliant Beacons: A History of the American Lighthouse,11.45,3,In stock,books.toscrape.com
Brazen: The Courage to Find the You That's Been Hiding,19.22,2,In stock,books.toscrape.com
Between the World and Me,56.91,4,In stock,books.toscrape.com
Being Mortal: Medicine and What Matters in the End,55.06,4,In stock,books.toscrape.com
"A Murder Over a Girl: Justice, Gender, Junior High",13.2,3,In stock,books.toscrape.com
32 Yolks,53.63,2,In stock,books.toscrape.com
"""Most Blessed of the Patriarchs"": Thomas Jefferson and the Empire of the Imagination",44.48,5,In stock,books.toscrape.com
You Are a Badass: How to Stop Doubting Your Greatness and Start Living an Awesome Life,12.08,3,In stock,books.toscrape.com
Wildlife of New York: A Five-Borough Coloring Book,22.14,2,In stock,books.toscrape.com
What Happened on Beale Street (Secrets of the South Mysteries #2),25.37,5,In stock,books.toscrape.com
Unreasonable Hope: Finding Faith in the God Who Brings Purpose to Your Pain,46.33,2,In stock,books.toscrape.com
Under the Tuscan Sun,37.33,3,In stock,books.toscrape.com
Toddlers Are A**holes: It's Not Your Fault,25.55,1,In stock,books.toscrape.com
The Year of Living Biblically: One Man's Humble Quest to Follow the Bible as Literally as Possible,34.72,1,In stock,books.toscrape.com
The Whale,35.96,4,In stock,books.toscrape.com
The Story of Art,41.14,4,In stock,books.toscrape.com
The Origin of Species,10.01,4,In stock,books.toscrape.com
The Great Gatsby,36.05,4,In stock,books.toscrape.com
The Good Girl,49.03,3,In stock,books.toscrape.com
The Glass Castle,16.24,1,In stock,books.toscrape.com
The Faith of Christopher Hitchens: The Restless Soul of the World's Most Notorious Atheist,39.55,1,In stock,books.toscrape.com
The Drowning Girls,35.67,3,In stock,books.toscrape.com
The Constant Princess (The Tudor Court #1),16.62,3,In stock,books.toscrape.com
The Bourne Identity (Jason Bourne #1),42.78,4,In stock,books.toscrape.com
The Bachelor Girl's Guide to Murder (Herringford and Watts Mysteries #1),52.3,5,In stock,books.toscrape.com
The Art Book,32.34,2,In stock,books.toscrape.com
The 7 Habits of Highly Effective People: Powerful Lessons in Personal Change,33.17,4,In stock,books.toscrape.com
Team of Rivals: The Political Genius of Abraham Lincoln,20.12,5,In stock,books.toscrape.com
Steal Like an Artist: 10 Things Nobody Told You About Being Creative,20.9,2,In stock,books.toscrape.com
"Sit, Stay, Love",20.9,3,In stock,books.toscrape.com
Sister Dear,40.2,4,In stock,books.toscrape.com
"Shrunken Treasures: Literary Classics, Short, Sweet, and Silly",52.87,3,In stock,books.toscrape.com
"Rich Dad, Poor Dad",51.74,1,In stock,books.toscrape.com
Raymie Nightingale,34.41,2,In stock,books.toscrape.com
Playing from the Heart,32.38,1,In stock,books.toscrape.com
Nightstruck: A Novel,50.35,4,In stock,books.toscrape.com
"Naturally Lean: 125 Nourishing Gluten-Free, Plant-Based Recipes--All Under 300 Calories",11.38,5,In stock,books.toscrape.com
Meternity,43.58,3,In stock,books.toscrape.com
Memoirs of a Geisha,49.67,3,In stock,books.toscrape.com
Like Never Before (Walker Family #2),28.77,2,In stock,books.toscrape.com
Life of Pi,13.22,4,In stock,books.toscrape.com
Leave This Song Behind: Teen Poetry at Its Best,51.17,5,In stock,books.toscrape.com
King's Folly (The Kinsman Chronicles #1),39.61,5,In stock,books.toscrape.com
John Adams,57.43,4,In stock,books.toscrape.com
How to Cook Everything Vegetarian: Simple Meatless Recipes for Great Food (How to Cook Everything),46.01,4,In stock,books.toscrape.com
How to Be a Domestic Goddess: Baking and the Art of Comfort Cooking,28.25,2,In stock,books.toscrape.com
Good in Bed (Cannie Shapiro #1),37.05,5,In stock,books.toscrape.com
"Fruits Basket, Vol. 7 (Fruits Basket #7)",19.57,1,In stock,books.toscrape.com
For the Love: Fighting for Grace in a World of Impossible Standards,45.13,3,In stock,books.toscrape.com
Finding God in the Ruins: How God Redeems Pain,46.64,2,In stock,books.toscrape.com
Every Heart a Doorway (Every Heart A Doorway #1),12.16,5,In stock,books.toscrape.com
Delivering the Truth (Quaker Midwife Mystery #1),20.89,4,In stock,books.toscrape.com
Counted With the Stars (Out from Egypt #1),17.97,5,In stock,books.toscrape.com
"Chronicles, Vol. 1",52.6,2,In stock,books.toscrape.com
Blue Like Jazz: Nonreligious Thoughts on Christian Spirituality,25.77,1,In stock,books.toscrape.com
Benjamin Franklin: An American Life,48.19,3,In stock,books.toscrape.com
"At The Existentialist CafÃ©: Freedom, Being, and apricot cocktails with: Jean-Paul Sartre, Simone de Beauvoir, Albert Camus, Martin Heidegger, Edmund Husserl, Karl Jaspers, Maurice Merleau-Ponty and others",29.93,5,In stock,books.toscrape.com
A Summer In Europe,44.34,2,In stock,books.toscrape.com
A Short History of Nearly Everything,52.4,5,In stock,books.toscrape.com
A Gathering of Shadows (Shades of Magic #2),44.81,4,In stock,books.toscrape.com
The Sound Of Love,57.84,5,In stock,books.toscrape.com
The Rise and Fall of the Third Reich: A History of Nazi Germany,39.67,2,In stock,books.toscrape.com
The Perks of Being a Wallflower,55.02,3,In stock,books.toscrape.com
The Mysterious Affair at Styles (Hercule Poirot #1),24.8,4,In stock,books.toscrape.com
The Man Who Mistook His Wife for a Hat and Other Clinical Tales,59.45,4,In stock,books.toscrape.com
The Makings of a Fatherless Child,31.58,2,In stock,books.toscrape.com
The Joy of Cooking,43.27,4,In stock,books.toscrape.com
The Invention of Wings,37.34,1,In stock,books.toscrape.com
The Hobbit (Middle-Earth Universe),17.8,5,In stock,books.toscrape.com
The Great Railway Bazaar,30.54,1,In stock,books.toscrape.com
The Golden Compass (His Dark Materials #1),18.77,1,In stock,books.toscrape.com
The God Delusion,46.85,3,In stock,books.toscrape.com
The Girl You Left Behind (The Girl You Left Behind #1),15.79,1,In stock,books.toscrape.com
The Fellowship of the Ring (The Lord of the Rings #1),10.27,2,In stock,books.toscrape.com
The Collected Poems of W.B. Yeats (The Collected Works of W.B. Yeats #1),15.42,5,In stock,books.toscrape.com
The Barefoot Contessa Cookbook,59.92,5,In stock,books.toscrape.com
Tell the Wolves I'm Home,50.96,2,In stock,books.toscrape.com
Ship Leaves Harbor: Essays on Travel by a Recovering Journeyman,30.6,3,In stock,books.toscrape.com
Pride and Prejudice,19.27,4,In stock,books.toscrape.com
Musicophilia: Tales of Music and the Brain,46.58,1,In stock,books.toscrape.com
Mere Christianity,48.51,3,In stock,books.toscrape.com
Me Before You (Me Before You #1),19.02,1,In stock,books.toscrape.com
In the Woods (Dublin Murder Squad #1),38.38,2,In stock,books.toscrape.com
In Cold Blood,49.98,4,In stock,books.toscrape.com
How to Stop Worrying and Start Living,46.49,5,In stock,books.toscrape.com
Give It Back,18.32,2,In stock,books.toscrape.com
"Girl, Interrupted",42.14,3,In stock,books.toscrape.com
Fun Home: A Family Tragicomic,56.59,4,In stock,books.toscrape.com
"Fruits Basket, Vol. 6 (Fruits Basket #6)",20.96,4,In stock,books.toscrape.com
Deception Point,40.32,4,In stock,books.toscrape.com
"Death Note, Vol. 6: Give-and-Take (Death Note #6)",36.39,3,In stock,books.toscrape.com
Catherine the Great: Portrait of a Woman,58.55,4,In stock,books.toscrape.com
Better Homes and Gardens New Cook Book,39.61,3,In stock,books.toscrape.com
An Unquiet Mind: A Memoir of Moods and Madness,21.3,3,In stock,books.toscrape.com
A Year in Provence (Provence #1),56.88,4,In stock,books.toscrape.com
World Without End (The Pillars of the Earth #2),32.97,4,In stock,books.toscrape.com
"Will Grayson, Will Grayson (Will Grayson, Will Grayson)",47.31,4,In stock,books.toscrape.com
Why Save the Bankers?: And Other Essays on Our Economic and Political Crisis,48.67,2,In stock,books.toscrape.com
Where She Went (If I Stay #2),41.73,4,In stock,books.toscrape.com
What If?: Serious Scientific Answers to Absurd Hypothetical Questions,53.68,4,In stock,books.toscrape.com
Two Summers,14.64,1,In stock,books.toscrape.com
This Is Your Brain on Music: The Science of a Human Obsession,38.4,1,In stock,books.toscrape.com
The Secret Garden,15.08,4,In stock,books.toscrape.com
The Raven King (The Raven Cycle #4),30.57,2,In stock,books.toscrape.com
The Raven Boys (The Raven Cycle #1),57.74,4,In stock,books.toscrape.com
The Power Greens Cookbook: 140 Delicious Superfood Recipes,11.05,5,In stock,books.toscrape.com
The Metamorphosis,28.58,1,In stock,books.toscrape.com
The Mathews Men: Seven Brothers and the War Against Hitler's U-boats,42.91,5,In stock,books.toscrape.com
The Little Paris Bookshop,24.73,3,In stock,books.toscrape.com
The Hiding Place,55.91,4,In stock,books.toscrape.com
The Grand Design,13.76,3,In stock,books.toscrape.com
The Firm,45.56,3,In stock,books.toscrape.com
The Fault in Our Stars,47.22,1,In stock,books.toscrape.com
The False Prince (The Ascendance Trilogy #1),56.0,5,In stock,books.toscrape.com
The Expatriates,44.58,2,In stock,books.toscrape.com
The Dream Thieves (The Raven Cycle #2),34.5,1,In stock,books.toscrape.com
The Darkest Corners,11.33,5,In stock,books.toscrape.com
The Crossover,38.77,4,In stock,books.toscrape.com
The 5th Wave (The 5th Wave #1),11.83,2,In stock,books.toscrape.com
Tell the Wind and Fire,45.51,3,In stock,books.toscrape.com
Tell Me Three Things,41.81,1,In stock,books.toscrape.com
Talking to Girls About Duran Duran: One Young Man's Quest for True Love and a Cooler Haircut,25.15,4,In stock,books.toscrape.com
Siddhartha,34.22,5,In stock,books.toscrape.com
Shiver (The Wolves of Mercy Falls #1),16.23,5,In stock,books.toscrape.com
Remember Me?,11.48,3,In stock,books.toscrape.com
Red Dragon (Hannibal Lecter #1),23.37,3,In stock,books.toscrape.com
Peak: Secrets from the New Science of Expertise,16.28,2,In stock,books.toscrape.com
My Mother Was Nuts,31.63,4,In stock,books.toscrape.com
Mexican Today: New and Rediscovered Recipes for Contemporary Kitchens,24.91,5,In stock,books.toscrape.com
Maybe Something Beautiful: How Art Transformed a Neighborhood,22.54,1,In stock,books.toscrape.com
Lola and the Boy Next Door (Anna and the French Kiss #2),23.63,4,In stock,books.toscrape.com
Logan Kade (Fallen Crest High #5.5),13.12,2,In stock,books.toscrape.com
Last One Home (New Beginnings #1),59.98,3,In stock,books.toscrape.com
Killing Floor (Jack Reacher #1),31.49,4,In stock,books.toscrape.com
Kill the Boy Band,15.52,5,In stock,books.toscrape.com
Isla and the Happily Ever After (Anna and the French Kiss #3),48.13,5,In stock,books.toscrape.com
If I Stay (If I Stay #1),38.13,5,In stock,books.toscrape.com
I Know Why the Caged Bird Sings (Maya Angelou's Autobiography #1),36.55,2,In stock,books.toscrape.com
Harry Potter and the Deathly Hallows (Harry Potter #7),23.32,1,In stock,books.toscrape.com
"Fruits Basket, Vol. 5 (Fruits Basket #5)",16.33,1,In stock,books.toscrape.com
Foundation (Foundation (Publication Order) #1),32.42,1,In stock,books.toscrape.com
Fool Me Once,16.96,1,In stock,books.toscrape.com
Find Her (Detective D.D. Warren #8),22.37,1,In stock,books.toscrape.com
Evicted: Poverty and Profit in the American City,42.27,1,In stock,books.toscrape.com
Drama,38.7,2,In stock,books.toscrape.com
Dracula the Un-Dead,35.63,5,In stock,books.toscrape.com
Digital Fortress,58.0,5,In stock,books.toscrape.com
"Death Note, Vol. 5: Whiteout (Death Note #5)",52.41,1,In stock,books.toscrape.com
"Data, A Love Story: How I Gamed Online Dating to Meet My Match",32.35,3,In stock,books.toscrape.com
Critique of Pure Reason,20.75,1,In stock,books.toscrape.com
Booked,17.49,5,In stock,books.toscrape.com
"Blue Lily, Lily Blue (The Raven Cycle #3)",34.13,5,In stock,books.toscrape.com
Approval Junkie: Adventures in Caring Too Much,58.81,5,In stock,books.toscrape.com
An Abundance of Katherines,10.0,5,In stock,books.toscrape.com
America's War for the Greater Middle East: A Military History,51.22,2,In stock,books.toscrape.com
Alight (The Generations Trilogy #2),58.59,4,In stock,books.toscrape.com
A Girl's Guide to Moving On (New Beginnings #2),31.3,1,In stock,books.toscrape.com
A Game of Thrones (A Song of Ice and Fire #1),46.42,2,In stock,books.toscrape.com
A Feast for Crows (A Song of Ice and Fire #4),17.21,4,In stock,books.toscrape.com
A Clash of Kings (A Song of Ice and Fire #2),10.79,3,In stock,books.toscrape.com
Vogue Colors A to Z: A Fashion Coloring Book,52.35,4,In stock,books.toscrape.com
The Shining (The Shining #1),27.88,3,In stock,books.toscrape.com
The Pilgrim's Progress,50.26,2,In stock,books.toscrape.com
The Perfect Play (Play by Play #1),59.99,3,In stock,books.toscrape.com
The Passion of Dolssa,28.32,5,In stock,books.toscrape.com
The Jazz of Physics: The Secret Link Between Music and the Structure of the Universe,38.71,3,In stock,books.toscrape.com
The Hunger Games (The Hunger Games #1),29.85,5,In stock,books.toscrape.com
The Hound of the Baskervilles (Sherlock Holmes #5),14.82,2,In stock,books.toscrape.com
The Gunning of America: Business and the Making of American Gun Culture,16.81,4,In stock,books.toscrape.com
The Geography of Bliss: One Grump's Search for the Happiest Places in the World,28.23,2,In stock,books.toscrape.com
The Demonists (Demonist #1),52.11,2,In stock,books.toscrape.com
"The Demon Prince of Momochi House, Vol. 4 (The Demon Prince of Momochi House #4)",27.88,2,In stock,books.toscrape.com
The Bone Hunters (Lexy Vaughan & Steven Macaulay #2),59.71,3,In stock,books.toscrape.com
The Beast (Black Dagger Brotherhood #14),46.08,5,In stock,books.toscrape.com
Some Women,13.73,5,In stock,books.toscrape.com
Shopaholic Ties the Knot (Shopaholic #3),48.39,5,In stock,books.toscrape.com
Paper and Fire (The Great Library #2),49.45,5,In stock,books.toscrape.com
Outlander (Outlander #1),19.67,5,In stock,books.toscrape.com
"Orchestra of Exiles: The Story of Bronislaw Huberman, the Israel Philharmonic, and the One Thousand Jews He Saved from Nazi Horrors",12.36,3,In stock,books.toscrape.com
No One Here Gets Out Alive,20.02,5,In stock,books.toscrape.com
Night Shift (Night Shift #1-20),12.75,4,In stock,books.toscrape.com
Needful Things,47.51,4,In stock,books.toscrape.com
Mockingjay (The Hunger Games #3),20.44,4,In stock,books.toscrape.com
Misery,34.79,2,In stock,books.toscrape.com
Little Women (Little Women #1),28.07,4,In stock,books.toscrape.com
It,25.01,3,In stock,books.toscrape.com
Harry Potter and the Sorcerer's Stone (Harry Potter #1),13.9,3,In stock,books.toscrape.com
Harry Potter and the Prisoner of Azkaban (Harry Potter #3),24.17,4,In stock,books.toscrape.com
Harry Potter and the Order of the Phoenix (Harry Potter #5),31.63,4,In stock,books.toscrape.com
Harry Potter and the Half-Blood Prince (Harry Potter #6),48.75,5,In stock,books.toscrape.com
Harry Potter and the Chamber of Secrets (Harry Potter #2),14.74,1,In stock,books.toscrape.com
Gone with the Wind,32.49,3,In stock,books.toscrape.com
God Is Not Great: How Religion Poisons Everything,27.8,1,In stock,books.toscrape.com
Girl With a Pearl Earring,26.77,1,In stock,books.toscrape.com
"Fruits Basket, Vol. 4 (Fruits Basket #4)",50.44,4,In stock,books.toscrape.com
Far From True (Promise Falls Trilogy #2),34.93,2,In stock,books.toscrape.com
Dark Lover (Black Dagger Brotherhood #1),12.87,1,In stock,books.toscrape.com
Confessions of a Shopaholic (Shopaholic #1),48.94,2,In stock,books.toscrape.com
Changing the Game (Play by Play #2),13.38,3,In stock,books.toscrape.com
Candide,58.63,3,In stock,books.toscrape.com
Can You Keep a Secret?,21.94,1,In stock,books.toscrape.com
Atlas Shrugged,26.58,5,In stock,books.toscrape.com
Animal Farm,57.22,3,In stock,books.toscrape.com
A Walk to Remember,56.43,1,In stock,books.toscrape.com
A New Earth: Awakening to Your Life's Purpose,55.65,5,In stock,books.toscrape.com
"A History of God: The 4,000-Year Quest of Judaism, Christianity, and Islam",27.62,1,In stock,books.toscrape.com
'Salem's Lot,49.56,4,In stock,books.toscrape.com
Zero History (Blue Ant #3),34.77,1,In stock,books.toscrape.com
Wuthering Heights,17.73,3,In stock,books.toscrape.com
World War Z: An Oral History of the Zombie War,21.8,1,In stock,books.toscrape.com
Wild: From Lost to Found on the Pacific Crest Trail,46.02,3,In stock,books.toscrape.com
"Where'd You Go, Bernadette",18.13,1,In stock,books.toscrape.com
When You Are Engulfed in Flames,30.89,5,In stock,books.toscrape.com
We the People: The Modern-Day Figures Who Have Reshaped and Affirmed the Founding Fathers' Vision of America,31.95,3,In stock,books.toscrape.com
We Are All Completely Beside Ourselves,24.04,1,In stock,books.toscrape.com
Walk the Edge (Thunder Road #2),32.36,3,In stock,books.toscrape.com
Voyager (Outlander #3),21.07,5,In stock,books.toscrape.com
Very Good Lives: The Fringe Benefits of Failure and the Importance of Imagination,50.66,3,In stock,books.toscrape.com
Vegan Vegetarian Omnivore: Dinner for Everyone at the Table,13.66,2,In stock,books.toscrape.com
"Unstuffed: Decluttering Your Home, Mind, and Soul",58.09,1,In stock,books.toscrape.com
Under the Banner of Heaven: A Story of Violent Faith,30.0,1,In stock,books.toscrape.com
Two Boys Kissing,32.74,2,In stock,books.toscrape.com
Twilight (Twilight #1),41.93,2,In stock,books.toscrape.com
Twenties Girl,42.8,2,In stock,books.toscrape.com
"Trespassing Across America: One Man's Epic, Never-Done-Before (and Sort of Illegal) Hike Across the Heartland",53.51,1,In stock,books.toscrape.com
Three-Martini Lunch,23.21,3,In stock,books.toscrape.com
"Thinking, Fast and Slow",21.14,1,In stock,books.toscrape.com
The Wild Robot,56.07,3,In stock,books.toscrape.com
"The Wicked + The Divine, Vol. 3: Commercial Suicide (The Wicked + The Divine)",14.41,3,In stock,books.toscrape.com
The Undomestic Goddess,45.75,4,In stock,books.toscrape.com
The Travelers,15.77,1,In stock,books.toscrape.com
The Tipping Point: How Little Things Can Make a Big Difference,10.02,2,In stock,books.toscrape.com
The Thing About Jellyfish,48.77,1,In stock,books.toscrape.com
The Stand,57.86,2,In stock,books.toscrape.com
The Smitten Kitchen Cookbook,23.59,1,In stock,books.toscrape.com
The Silkworm (Cormoran Strike #2),23.05,5,In stock,books.toscrape.com
"The Sandman, Vol. 3: Dream Country (The Sandman (volumes) #3)",55.55,5,In stock,books.toscrape.com
The Rose & the Dagger (The Wrath and the Dawn #2),58.64,4,In stock,books.toscrape.com
The Road to Little Dribbling: Adventures of an American in Britain (Notes From a Small Island #2),23.21,1,In stock,books.toscrape.com
The Rise of Theodore Roosevelt (Theodore Roosevelt #1),42.57,3,In stock,books.toscrape.com
The Restaurant at the End of the Universe (Hitchhiker's Guide to the Galaxy #2),10.92,1,In stock,books.toscrape.com
The Rest Is Noise: Listening to the Twentieth Century,34.77,1,In stock,books.toscrape.com
The Red Tent,35.66,5,In stock,books.toscrape.com
The Purpose Driven Life: What on Earth Am I Here for?,37.19,3,In stock,books.toscrape.com
The Purest Hook (Second Circle Tattoos #3),12.25,1,In stock,books.toscrape.com
The Picture of Dorian Gray,29.7,2,In stock,books.toscrape.com
The Paris Wife,36.8,3,In stock,books.toscrape.com
The Obsession,45.43,1,In stock,books.toscrape.com
The Nightingale,26.26,4,In stock,books.toscrape.com
The New Guy (and Other Senior Year Distractions),44.92,3,In stock,books.toscrape.com
The Nanny Diaries (Nanny #1),52.53,5,In stock,books.toscrape.com
The Name of God is Mercy,37.25,2,In stock,books.toscrape.com
The Maze Runner (The Maze Runner #1),20.93,1,In stock,books.toscrape.com
The Lover's Dictionary,58.09,2,In stock,books.toscrape.com
The Lonely Ones,43.59,5,In stock,books.toscrape.com
The Lean Startup: How Today's Entrepreneurs Use Continuous Innovation to Create Radically Successful Businesses,33.92,3,In stock,books.toscrape.com
The Last Painting of Sara de Vos,55.55,2,In stock,books.toscrape.com
"The Land of 10,000 Madonnas",29.64,4,In stock,books.toscrape.com
The Infinities,27.41,1,In stock,books.toscrape.com
The Husband's Secret,52.51,5,In stock,books.toscrape.com
The Hitchhiker's Guide to the Galaxy (Hitchhiker's Guide to the Galaxy #1),47.8,3,In stock,books.toscrape.com
The Guns of August,14.54,2,In stock,books.toscrape.com
The Guernsey Literary and Potato Peel Pie Society,49.53,1,In stock,books.toscrape.com
The Goldfinch,43.58,3,In stock,books.toscrape.com
The Giver (The Giver Quartet #1),12.3,1,In stock,books.toscrape.com
The Girl with All the Gifts,49.47,3,In stock,books.toscrape.com
The Girl Who Played with Fire (Millennium Trilogy #2),22.14,2,In stock,books.toscrape.com
The Girl Who Kicked the Hornet's Nest (Millennium Trilogy #3),57.48,1,In stock,books.toscrape.com
The Exiled,43.45,3,In stock,books.toscrape.com
"The End of Faith: Religion, Terror, and the Future of Reason",22.13,4,In stock,books.toscrape.com
"The Elegant Universe: Superstrings, Hidden Dimensions, and the Quest for the Ultimate Theory",13.03,4,In stock,books.toscrape.com
"The Disappearing Spoon: And Other True Tales of Madness, Love, and the History of the World from the Periodic Table of the Elements",57.35,5,In stock,books.toscrape.com
The Devil Wears Prada (The Devil Wears Prada #1),44.29,1,In stock,books.toscrape.com
The Demon-Haunted World: Science as a Candle in the Dark,52.25,4,In stock,books.toscrape.com
The Day the Crayons Came Home (Crayons),26.33,5,In stock,books.toscrape.com
The Da Vinci Code (Robert Langdon #2),22.96,2,In stock,books.toscrape.com
The Cuckoo's Calling (Cormoran Strike #1),19.21,1,In stock,books.toscrape.com
The Complete Stories and Poems (The Works of Edgar Allan Poe [Cameo Edition]),26.78,4,In stock,books.toscrape.com
The Complete Poems,41.32,5,In stock,books.toscrape.com
The Catcher in the Rye,24.55,1,In stock,books.toscrape.com
The Cat in the Hat (Beginner Books B-1),16.26,2,In stock,books.toscrape.com
The Case for Christ (Cases for Christianity),47.84,1,In stock,books.toscrape.com
The Book Thief,53.49,2,In stock,books.toscrape.com
The Book of Basketball: The NBA According to The Sports Guy,44.84,5,In stock,books.toscrape.com
The Blind Side: Evolution of a Game,53.71,5,In stock,books.toscrape.com
The Autobiography of Malcolm X,23.43,2,In stock,books.toscrape.com
"The Art of Simple Food: Notes, Lessons, and Recipes from a Delicious Revolution",34.32,3,In stock,books.toscrape.com
The Art of Fielding,22.1,1,In stock,books.toscrape.com
"Surely You're Joking, Mr. Feynman!: Adventures of a Curious Character",25.83,2,In stock,books.toscrape.com
Stiff: The Curious Lives of Human Cadavers,36.74,3,In stock,books.toscrape.com
Spilled Milk: Based on a True Story,49.51,1,In stock,books.toscrape.com
Something Borrowed (Darcy & Rachel #1),48.96,5,In stock,books.toscrape.com
Something Blue (Darcy & Rachel #2),54.62,1,In stock,books.toscrape.com
Soldier (Talon #3),24.72,2,In stock,books.toscrape.com
Shopaholic & Baby (Shopaholic #5),46.45,2,In stock,books.toscrape.com
Seven Days in the Art World,52.33,2,In stock,books.toscrape.com
Seven Brief Lessons on Physics,30.6,4,In stock,books.toscrape.com
Scarlet (The Lunar Chronicles #2),14.57,4,In stock,books.toscrape.com
Sarah's Key,46.29,1,In stock,books.toscrape.com
"Saga, Volume 3 (Saga (Collected Editions) #3)",21.57,5,In stock,books.toscrape.com
Running with Scissors,12.91,4,In stock,books.toscrape.com
Rogue Lawyer (Rogue Lawyer #1),50.11,3,In stock,books.toscrape.com
"Rise of the Rocket Girls: The Women Who Propelled Us, from Missiles to the Moon to Mars",41.67,4,In stock,books.toscrape.com
Rework,44.88,2,In stock,books.toscrape.com
Reservations for Two,11.1,3,In stock,books.toscrape.com
Red: The True Story of Red Riding Hood,28.54,3,In stock,books.toscrape.com
Ready Player One,19.07,4,In stock,books.toscrape.com
Quiet: The Power of Introverts in a World That Can't Stop Talking,43.55,1,In stock,books.toscrape.com
Prodigy: The Graphic Novel (Legend: The Graphic Novel #2),43.63,3,In stock,books.toscrape.com
Persepolis: The Story of a Childhood (Persepolis #1-2),39.13,1,In stock,books.toscrape.com
Packing for Mars: The Curious Science of Life in the Void,56.68,2,In stock,books.toscrape.com
Outliers: The Story of Success,14.16,1,In stock,books.toscrape.com
Original Fake,31.45,3,In stock,books.toscrape.com
Orange Is the New Black,24.61,2,In stock,books.toscrape.com
One for the Money (Stephanie Plum #1),32.87,2,In stock,books.toscrape.com
Notes from a Small Island (Notes From a Small Island #1),40.17,1,In stock,books.toscrape.com
Night (The Night Trilogy #1),13.51,1,In stock,books.toscrape.com
Neither Here nor There: Travels in Europe,38.95,3,In stock,books.toscrape.com
Naked,31.69,3,In stock,books.toscrape.com
Morning Star (Red Rising #3),29.4,1,In stock,books.toscrape.com
"Miracles from Heaven: A Little Girl, Her Journey to Heaven, and Her Amazing Story of Healing",57.83,1,In stock,books.toscrape.com
Midnight Riot (Peter Grant/ Rivers of London - books #1),55.46,2,In stock,books.toscrape.com
Me Talk Pretty One Day,57.6,2,In stock,books.toscrape.com
Manuscript Found in Accra,34.98,2,In stock,books.toscrape.com
Lust & Wonder,11.87,2,In stock,books.toscrape.com
Lila (Gilead #3),12.47,3,In stock,books.toscrape.com
"Life, the Universe and Everything (Hitchhiker's Guide to the Galaxy #3)",33.26,2,In stock,books.toscrape.com
Life Without a Recipe,59.04,5,In stock,books.toscrape.com
Life After Life,26.13,2,In stock,books.toscrape.com
Letter to a Christian Nation,22.2,1,In stock,books.toscrape.com
Let's Pretend This Never Happened: A Mostly True Memoir,45.11,1,In stock,books.toscrape.com
Legend (Legend #1),43.69,4,In stock,books.toscrape.com
"Lean In: Women, Work, and the Will to Lead",25.02,1,In stock,books.toscrape.com
"Lamb: The Gospel According to Biff, Christ's Childhood Pal",55.5,5,In stock,books.toscrape.com
Lady Renegades (Rebel Belle #3),53.04,5,In stock,books.toscrape.com
Jurassic Park (Jurassic Park #1),44.97,1,In stock,books.toscrape.com
It's Never Too Late to Begin Again: Discovering Creativity and Meaning at Midlife and Beyond,42.38,1,In stock,books.toscrape.com
Is Everyone Hanging Out Without Me? (And Other Concerns),20.11,3,In stock,books.toscrape.com
Into the Wild,56.7,5,In stock,books.toscrape.com
Inferno (Robert Langdon #4),41.0,5,In stock,books.toscrape.com
"In the Garden of Beasts: Love, Terror, and an American Family in Hitler's Berlin",28.85,3,In stock,books.toscrape.com
If I Run (If I Run #1),49.97,4,In stock,books.toscrape.com
I've Got Your Number,19.69,1,In stock,books.toscrape.com
I Am Malala: The Girl Who Stood Up for Education and Was Shot by the Taliban,28.88,2,In stock,books.toscrape.com
Hungry Girl Clean & Hungry: Easy All-Natural Recipes for Healthy Eating in the Real World,33.14,3,In stock,books.toscrape.com
"House of Lost Worlds: Dinosaurs, Dynasties, and the Story of Life on Earth",43.7,2,In stock,books.toscrape.com
House of Leaves,54.89,1,In stock,books.toscrape.com
Horrible Bear!,37.52,2,In stock,books.toscrape.com
Holidays on Ice,51.07,2,In stock,books.toscrape.com
Heir to the Sky,44.07,4,In stock,books.toscrape.com
Green Eggs and Ham (Beginner Books B-16),10.79,4,In stock,books.toscrape.com
"Grayson, Vol 3: Nemesis (Grayson #3)",42.72,1,In stock,books.toscrape.com
Gratitude,26.66,5,In stock,books.toscrape.com
Gone Girl,37.6,5,In stock,books.toscrape.com
Golden (Heart of Dread #3),42.21,4,In stock,books.toscrape.com
Girl in the Blue Coat,46.83,2,In stock,books.toscrape.com
"Fruits Basket, Vol. 3 (Fruits Basket #3)",45.17,2,In stock,books.toscrape.com
"Friday Night Lights: A Town, a Team, and a Dream",51.22,3,In stock,books.toscrape.com
Fire Bound (Sea Haven/Sisters of the Heart #5),21.28,4,In stock,books.toscrape.com
Fifty Shades Freed (Fifty Shades #3),15.36,5,In stock,books.toscrape.com
Fellside,38.62,1,In stock,books.toscrape.com
Extreme Prey (Lucas Davenport #26),25.4,3,In stock,books.toscrape.com
Eragon (The Inheritance Cycle #1),43.87,3,In stock,books.toscrape.com
Eclipse (Twilight #3),18.74,1,In stock,books.toscrape.com
Dune (Dune #1),54.86,1,In stock,books.toscrape.com
Dracula,52.62,3,In stock,books.toscrape.com
Do Androids Dream of Electric Sheep? (Blade Runner #1),51.48,1,In stock,books.toscrape.com
Disrupted: My Misadventure in the Start-Up Bubble,15.28,5,In stock,books.toscrape.com
Dead Wake: The Last Crossing of the Lusitania,39.24,5,In stock,books.toscrape.com
"David and Goliath: Underdogs, Misfits, and the Art of Battling Giants",17.81,1,In stock,books.toscrape.com
Darkfever (Fever #1),56.02,1,In stock,books.toscrape.com
Dark Places,23.9,5,In stock,books.toscrape.com
Crazy Rich Asians (Crazy Rich Asians #1),49.13,5,In stock,books.toscrape.com
Counting Thyme,10.62,1,In stock,books.toscrape.com
Cosmos,36.17,2,In stock,books.toscrape.com
Civilization and Its Discontents,59.95,2,In stock,books.toscrape.com
Cinder (The Lunar Chronicles #1),26.09,1,In stock,books.toscrape.com
Catastrophic Happiness: Finding Joy in Childhood's Messy Years,37.35,2,In stock,books.toscrape.com
Career of Evil (Cormoran Strike #3),24.72,2,In stock,books.toscrape.com
Breaking Dawn (Twilight #4),35.28,5,In stock,books.toscrape.com
Brave Enough,51.32,5,In stock,books.toscrape.com
Boy Meets Boy,21.12,3,In stock,books.toscrape.com
"Born to Run: A Hidden Tribe, Superathletes, and the Greatest Race the World Has Never Seen",27.35,2,In stock,books.toscrape.com
Blink: The Power of Thinking Without Thinking,21.74,5,In stock,books.toscrape.com
Black Flags: The Rise of ISIS,40.87,1,In stock,books.toscrape.com
"Black Butler, Vol. 1 (Black Butler #1)",49.31,1,In stock,books.toscrape.com
Big Little Lies,22.11,1,In stock,books.toscrape.com
Between Shades of Gray,20.79,5,In stock,books.toscrape.com
Best of My Love (Fool's Gold #20),27.41,2,In stock,books.toscrape.com
Beowulf,38.35,2,In stock,books.toscrape.com
Beautiful Creatures (Caster Chronicles #1),21.55,5,In stock,books.toscrape.com
Awkward,38.02,2,In stock,books.toscrape.com
Ash,22.06,4,In stock,books.toscrape.com
Are We There Yet?,10.66,3,In stock,books.toscrape.com
Are We Smart Enough to Know How Smart Animals Are?,56.58,1,In stock,books.toscrape.com
Annie on My Mind,36.83,5,In stock,books.toscrape.com
And Then There Were None,35.01,2,In stock,books.toscrape.com
A Walk in the Woods: Rediscovering America on the Appalachian Trail,30.48,4,In stock,books.toscrape.com
A Visit from the Goon Squad,14.08,5,In stock,books.toscrape.com
A Storm of Swords (A Song of Ice and Fire #3),31.22,2,In stock,books.toscrape.com
A Heartbreaking Work of Staggering Genius,54.29,5,In stock,books.toscrape.com
8 Keys to Mental Health Through Exercise,31.04,1,In stock,books.toscrape.com
#GIRLBOSS,50.96,1,In stock,books.toscrape.com
"The Suffragettes (Little Black Classics, #96)",11.89,2,In stock,books.toscrape.com
The Sense of an Ending,31.38,3,In stock,books.toscrape.com
"The Sandman, Vol. 2: The Doll's House (The Sandman (volumes) #2)",54.81,1,In stock,books.toscrape.com
The Course of Love,16.78,3,In stock,books.toscrape.com
Sugar Rush (Offensive Line #2),24.42,1,In stock,books.toscrape.com
"Saga, Volume 2 (Saga (Collected Editions) #2)",11.75,3,In stock,books.toscrape.com
"Run, Spot, Run: The Ethics of Keeping Pets",20.02,1,In stock,books.toscrape.com
New Moon (Twilight #2),12.86,4,In stock,books.toscrape.com
Life,31.58,5,In stock,books.toscrape.com
Kindle Paperwhite User's Guide,34.0,3,In stock,books.toscrape.com
H is for Hawk,57.42,5,In stock,books.toscrape.com
Girl Online On Tour (Girl Online #2),53.47,1,In stock,books.toscrape.com
"Fruits Basket, Vol. 2 (Fruits Basket #2)",11.64,5,In stock,books.toscrape.com
Diary of a Minecraft Zombie Book 1: A Scare of a Dare (An Unofficial Minecraft Book),52.88,4,In stock,books.toscrape.com
"Y: The Last Man, Vol. 1: Unmanned (Y: The Last Man #1)",18.51,4,In stock,books.toscrape.com
While You Were Mine,41.32,5,In stock,books.toscrape.com
Where Lightning Strikes (Bleeding Stars #3),39.77,3,In stock,books.toscrape.com
When I'm Gone,51.96,3,In stock,books.toscrape.com
Ways of Seeing,39.51,5,In stock,books.toscrape.com
"Vampire Knight, Vol. 1 (Vampire Knight #1)",15.4,1,In stock,books.toscrape.com
Vampire Girl (Vampire Girl #1),53.82,2,In stock,books.toscrape.com
Twenty Love Poems and a Song of Despair,30.95,4,In stock,books.toscrape.com
Travels with Charley: In Search of America,57.82,5,In stock,books.toscrape.com
Three Wishes (River of Time: California #1),44.18,2,In stock,books.toscrape.com
This One Moment (Pushing Limits #1),48.71,1,In stock,books.toscrape.com
The Zombie Room,19.69,5,In stock,books.toscrape.com
"The Wicked + The Divine, Vol. 1: The Faust Act (The Wicked + The Divine)",36.52,2,In stock,books.toscrape.com
The Tumor,41.56,5,In stock,books.toscrape.com
The Story of Hong Gildong,43.19,4,In stock,books.toscrape.com
The Silent Wife,12.34,5,In stock,books.toscrape.com
The Silent Twin (Detective Jennifer Knight #3),36.25,3,In stock,books.toscrape.com
The Selfish Gene,29.45,1,In stock,books.toscrape.com
The Secret Healer,34.56,3,In stock,books.toscrape.com
"The Sandman, Vol. 1: Preludes and Nocturnes (The Sandman (volumes) #1)",54.12,3,In stock,books.toscrape.com
The Republic,33.78,3,In stock,books.toscrape.com
The Odyssey,29.64,3,In stock,books.toscrape.com
The No. 1 Ladies' Detective Agency (No. 1 Ladies' Detective Agency #1),57.7,4,In stock,books.toscrape.com
The Nicomachean Ethics,36.34,1,In stock,books.toscrape.com
The Name of the Wind (The Kingkiller Chronicle #1),50.59,3,In stock,books.toscrape.com
The Mirror & the Maze (The Wrath and the Dawn #1.5),29.38,1,In stock,books.toscrape.com
The Little Prince,45.42,2,In stock,books.toscrape.com
The Light of the Fireflies,54.43,1,In stock,books.toscrape.com
The Last Girl (The Dominion Trilogy #1),36.26,2,In stock,books.toscrape.com
The Iliad,16.16,1,In stock,books.toscrape.com
The Hook Up (Game On #1),36.29,5,In stock,books.toscrape.com
The Haters,27.89,5,In stock,books.toscrape.com
The Girl You Lost,12.29,5,In stock,books.toscrape.com
The Girl In The Ice (DCI Erika Foster #1),15.85,3,In stock,books.toscrape.com
The End of the Jesus Era (An Investigation #1),14.4,1,In stock,books.toscrape.com
The Edge of Reason (Bridget Jones #2),19.18,4,In stock,books.toscrape.com
The Complete Maus (Maus #1-2),10.64,3,In stock,books.toscrape.com
The Communist Manifesto,14.76,3,In stock,books.toscrape.com
The Bhagavad Gita,57.49,3,In stock,books.toscrape.com
The Bette Davis Club,30.66,3,In stock,books.toscrape.com
The Art of Not Breathing,40.83,4,In stock,books.toscrape.com
Taking Shots (Assassins #1),18.88,2,In stock,books.toscrape.com
Starlark,25.83,3,In stock,books.toscrape.com
"Skip Beat!, Vol. 01 (Skip Beat! #1)",42.12,3,In stock,books.toscrape.com
Sister Sable (The Mad Queen #1),13.33,3,In stock,books.toscrape.com
Shatter Me (Shatter Me #1),42.4,1,In stock,books.toscrape.com
Shameless,58.35,3,In stock,books.toscrape.com
Shadow Rites (Jane Yellowrock #10),21.72,4,In stock,books.toscrape.com
Settling the Score (The Summer Games #1),44.91,2,In stock,books.toscrape.com
Sense and Sensibility,37.46,1,In stock,books.toscrape.com
"Saga, Volume 1 (Saga (Collected Editions) #1)",28.48,1,In stock,books.toscrape.com
"Rhythm, Chord & Malykhin",28.34,2,In stock,books.toscrape.com
"Rat Queens, Vol. 1: Sass & Sorcery (Rat Queens (Collected Editions) #1-5)",46.96,5,In stock,books.toscrape.com
Paradise Lost (Paradise #1),24.96,1,In stock,books.toscrape.com
"Paper Girls, Vol. 1 (Paper Girls #1-5)",21.71,4,In stock,books.toscrape.com
"Ouran High School Host Club, Vol. 1 (Ouran High School Host Club #1)",29.87,3,In stock,books.toscrape.com
Origins (Alphas 0.5),28.99,1,In stock,books.toscrape.com
One Second (Seven #7),52.94,2,In stock,books.toscrape.com
On the Road (Duluoz Legend),32.36,3,In stock,books.toscrape.com
Old Records Never Die: One Man's Quest for His Vinyl and His Past,55.66,2,In stock,books.toscrape.com
Off Sides (Off #1),39.45,5,In stock,books.toscrape.com
Of Mice and Men,47.11,2,In stock,books.toscrape.com
Myriad (Prentor #1),58.75,4,In stock,books.toscrape.com
My Perfect Mistake (Over the Top #1),38.92,2,In stock,books.toscrape.com
"Ms. Marvel, Vol. 1: No Normal (Ms. Marvel (2014-2015) #1)",39.39,4,In stock,books.toscrape.com
Meditations,25.89,2,In stock,books.toscrape.com
Matilda,28.34,1,In stock,books.toscrape.com
Lost Among the Living,27.7,4,In stock,books.toscrape.com
Lord of the Flies,24.89,3,In stock,books.toscrape.com
Listen to Me (Fusion #1),58.99,3,In stock,books.toscrape.com
Kitchens of the Great Midwest,57.2,5,In stock,books.toscrape.com
Jane Eyre,38.43,5,In stock,books.toscrape.com
Imperfect Harmony,34.74,4,In stock,books.toscrape.com
Icing (Aces Hockey #2),40.44,4,In stock,books.toscrape.com
"Hawkeye, Vol. 1: My Life as a Weapon (Hawkeye #1)",45.24,3,In stock,books.toscrape.com
Having the Barbarian's Baby (Ice Planet Barbarians #7.5),34.96,4,In stock,books.toscrape.com
"Giant Days, Vol. 1 (Giant Days #1-4)",56.76,4,In stock,books.toscrape.com
"Fruits Basket, Vol. 1 (Fruits Basket #1)",40.28,5,In stock,books.toscrape.com
Frankenstein,38.0,2,In stock,books.toscrape.com
Forever Rockers (The Rocker #12),28.8,3,In stock,books.toscrape.com
Fighting Fate (Fighting #6),39.24,3,In stock,books.toscrape.com
Emma,32.93,2,In stock,books.toscrape.com
"Eat, Pray, Love",51.32,3,In stock,books.toscrape.com
Deep Under (Walker Security #1),47.09,5,In stock,books.toscrape.com
Choosing Our Religion: The Spiritual Lives of America's Nones,28.42,4,In stock,books.toscrape.com
Charlie and the Chocolate Factory (Charlie Bucket #1),22.85,3,In stock,books.toscrape.com
Charity's Cross (Charles Towne Belles #4),41.24,1,In stock,books.toscrape.com
Bright Lines,39.07,5,In stock,books.toscrape.com
Bridget Jones's Diary (Bridget Jones #1),29.82,1,In stock,books.toscrape.com
Bounty (Colorado Mountain #7),37.26,4,In stock,books.toscrape.com
Blood Defense (Samantha Brinkman #1),20.3,3,In stock,books.toscrape.com
"Bleach, Vol. 1: Strawberry and the Soul Reapers (Bleach #1)",34.65,5,In stock,books.toscrape.com
Beyond Good and Evil,43.38,1,In stock,books.toscrape.com
Alice in Wonderland (Alice's Adventures in Wonderland #1),55.53,1,In stock,books.toscrape.com
"Ajin: Demi-Human, Volume 1 (Ajin: Demi-Human #1)",57.06,4,In stock,books.toscrape.com
A Spy's Devotion (The Regency Spies of London #1),16.97,5,In stock,books.toscrape.com
1st to Die (Women's Murder Club #1),53.98,1,In stock,books.toscrape.com
"1,000 Places to See Before You Die",26.08,5,In stock,books.toscrape.com
